category,item,brand,part_number,qty,unit_price_usd,ext_price_usd,vendor,url,genuine_note,price_checked,notes
Motion,"MGN15 rail, Y axis, 1620 mm (60+40n stock length; 1600 not offered)",Hiwin,MGNR15R1620 (precision C),2,250.72,501.44,Motion Constrained (US Hiwin reseller; states it is NOT an authorized distributor),https://motionconstrained.com/store/hiwin-linear-rails/hiwin-mg-series-rails/hiwin-mgnr15r-linear-guideway-rail/,"New, factory-packaged Hiwin (Taiwan); cut rails carry OEM Hiwin serial numbers and markings per seller",2026-10-05,"Price read from store variation data. 1620 fits the 1650 side member. 1580 ($244.96) leaves only 1431 mm stroke for a 1430 mm travel need, so too tight. Ask about a custom 1600 cut."
Motion,"MGN15 rail, X axis, 1100 mm",Hiwin,MGNR15R1100 (precision C),2,175.94,351.88,Motion Constrained (US Hiwin reseller; states it is NOT an authorized distributor),https://motionconstrained.com/store/hiwin-linear-rails/hiwin-mg-series-rails/hiwin-mgnr15r-linear-guideway-rail/,"New, factory-packaged Hiwin (Taiwan); cut rails carry OEM Hiwin serial numbers and markings per seller",2026-10-05,"Two rails on the beam face need 10 um parallelism (Hiwin MG15, Z0). See the budget swap: one X rail with 2 blocks."
Motion,"MGN15H long carriage, Z0 very light preload, C normal grade",Hiwin,MGN15HZ0C,6,34.33,205.98,Motion Constrained (US Hiwin reseller; states it is NOT an authorized distributor),https://motionconstrained.com/store/hiwin-linear-guides/mgn-series/mgn-blocks-only/hiwin-mgn15hz0c-long-block/,"New, factory-packaged Hiwin (Taiwan); cut rails carry OEM Hiwin serial numbers and markings per seller",2026-10-05,"Sold separately from rails, so they are interchangeable-type blocks. Grease fitting pre-installed. 2 per Y rail and 1 per X rail."
Motion,"MGN9 rail for pen lift, 110 mm (30+20n stock length; 100 not offered)",Hiwin,MGNR9R0110,1,30.79,30.79,Motion Constrained (US Hiwin reseller; states it is NOT an authorized distributor),https://motionconstrained.com/store/hiwin-linear-guides/mgn-series/mgn-rails-only/hiwin-mgnr9r-linear-guideway-rail/,"New, factory-packaged Hiwin (Taiwan); cut rails carry OEM Hiwin serial numbers and markings per seller",2026-10-05,"90 mm costs $28.42 if 110 does not fit. Price from store variation data. Cut to 80 mm (ask the seller, or cut in the shop with an abrasive cut-off wheel and deburr)."
Motion,"MGN9H long carriage, Z0",Hiwin,MGN9HZ0C,1,27.92,27.92,Motion Constrained (US Hiwin reseller; states it is NOT an authorized distributor),https://motionconstrained.com/store/hiwin-linear-guides/mgn-series/mgn-blocks-only/hiwin-mgn9hz0c-long-block/,"New, factory-packaged Hiwin (Taiwan); cut rails carry OEM Hiwin serial numbers and markings per seller",2026-10-05,
Motion,"GT3 open-length belt, 2 mm pitch (2MGT), 9 mm, 11 m (10 m + 10%)",Gates,LL-2MGT-9,110,0.85,93.5,West3D,https://west3d.com/products/gates-gt3-open-belt-6mm-9mm-ll-2mgt-6-ll-2mgt-9?variant=44361394389204,Listing: 'genuine Gates product purchased from an authorized distributor',2026-10-05,"Sold per 100 mm, so qty 110 = 11 m. This SWAPS the 3 mm pitch 3MGT-9: open-length 3MGT is made-to-order Gates long-length belting, and no retail seller turned up. KB-3D has the same belt at $0.89/100mm, in stock."
Motion,"GT 2 mm pulley, 20T, 5 mm bore, 9 mm belt",Gates,2GT 20T 5mm-bore 9mm (Gates 2MR-20S type),3,4.99,14.97,West3D,https://west3d.com/products/gates-true-profile-pulleys-and-idlers,Listed as genuine Gates profile pulleys,2026-10-05,"KB-3D sells the same part as G2GT-20-5-9 for $4.49, 1,321 in stock. That saves $1.50 but adds a second order."
Motion,"GT 2 mm toothed idler, 20T, 5 mm bore, 9 mm belt",Gates,2GT 20T idler 9mm,3,4.99,14.97,West3D,https://west3d.com/products/gates-true-profile-pulleys-and-idlers,Listed as genuine Gates,2026-10-05,"KB-3D sells it for $5.49: dual bearings, 14 mm total height."
Motion,"NEMA17 closed-loop kit: 17HS19-2004D-E1K motor (52 Ncm, 2 A, 1000 PPR encoder) + CL42T-V41 driver",StepperOnline (OMC),1-CL42T-S05-V41,3,48.86,146.58,StepperOnline (manufacturer store),https://www.omc-stepperonline.com/1-axis-closed-loop-stepper-cnc-kit-52ncm-73-64oz-in-nema-17-motor-driver-1-cl42t-s05-v41,Manufacturer's own store,2026-10-05,Ships from US/CN/DE warehouses. 5+ units are $47.19 each. Set the driver's logic selector to 5 V (factory default is 24 V).
Motion,Spare closed-loop kit (optional),StepperOnline (OMC),1-CL42T-S05-V41,1,48.86,,StepperOnline (manufacturer store),https://www.omc-stepperonline.com/1-axis-closed-loop-stepper-cnc-kit-52ncm-73-64oz-in-nema-17-motor-driver-1-cl42t-s05-v41,Manufacturer's own store,2026-10-05,"Optional, not in the total ($48.86). OPTIONAL, not counted in the total."
Motion,"Pen-lift servo, metal gear sub-micro digital",Hitec,HS-5065MG (HRC35065S),1,44.99,44.99,ServoCity,https://www.servocity.com/hs-5065mg-servo/,Authorized Hitec dealer (Horizon Hobby lists the same $44.99),2026-10-05,"4.8-6.0 V supply, 2.2 kg-cm at 6 V, B25T spline, top ball bearing."
Motion,"Servo horn, aluminium single arm, 25T (pen-lift arm, replaces the plastic horn)",Hitec,MS-ML25 (55707),1,11.97,11.97,Hitec RCD (manufacturer),https://hitecrcd.com/hs-125-5125mg-65mg-5065mg-70mg-5070mg-aluminum-horn/,Manufacturer page,2026-10-05,"Retailers list the horn as 19 mm x 2 mm; Hitec CAD gives 1.8 mm thickness, which is what the CAD uses. Measure on arrival: seated height, arm thickness and shaft offset."
Frame,"2040 extrusion, 1650 mm (Y side members)",80/20 Inc,20-2040 cut to 1650,2,39.3,78.6,80/20 Inc (8020.net),https://8020.net/20-2040.html,Manufacturer direct,2026-10-05,"$0.0220/mm + $3.00 cut charge = $39.30. 6 mm slot, M5 T-nuts. Tap the end bores in-house rather than paying for 80/20 end taps."
Frame,"2040 extrusion, 1030 mm (cross members)",80/20 Inc,20-2040 cut to 1030,2,25.66,51.32,80/20 Inc (8020.net),https://8020.net/20-2040.html,Manufacturer direct,2026-10-05,$0.0220/mm x 1030 + $3.00 cut. Length matches the CAD (fits between the side members).
Frame,"40x80 extrusion, 1102 mm (gantry beam), end-tap M5 x 15 deep, 4 corner bores both ends",MISUMI,HFS5-4080-1102-TPW,1,86.56,86.56,MISUMI USA,https://us.misumi-ec.com/vona2/detail/110302684960/?HissuCode=HFS5-4080-1102-TPW,Manufacturer direct,2026-10-05,"MISUMI taps only the 4 corner bores of the 4080 (catalog p.2-681: M5 depth 15, 4 per end; p.2688 marks the corners). The 4 inner bores are open C-slots, so the end plate now uses the 4 corners only. Untapped HFS5-4080-1102 is $64.46."
Frame,"M3 drop-in T-nut w/ spring ball, 20-series 6 mm slot (rail mounting)",TNUTZ,DB-020-M3,140,0.5,70.0,TNUTZ (tnutz.com),https://www.tnutz.com/product/db-020-m3/,"US house brand, bright zinc; not a clone of a named brand",2026-10-05,QTY RAISED from 80 to 140. Rail holes at 40 mm pitch: 2x1620 (41 holes each) + 2x1100 (28 each) = 138. Use 70 if bolting every other hole.
Frame,"M5 drop-in T-nut w/ spring ball, 20-series",TNUTZ,DB-020-M5,40,0.5,20.0,TNUTZ (tnutz.com),https://www.tnutz.com/product/db-020-m5/,US house brand,2026-10-05,
Frame,"Inside corner bracket kit, 20-series (bracket + 2 M5 T-nuts + 2 M5x8 BHCS)",TNUTZ,CBK-020-A,8,1.5,12.0,TNUTZ (tnutz.com),https://www.tnutz.com/product/cbk-020-a/,US house brand; equivalent to 80/20 14053,2026-10-05,
Fasteners,"M3x10 SHCS 18-8 stainless, DIN 912 (rail bolts: Hiwin spec M3x10 for MGN15), 100-bag",Bolt Depot,#6380,2,4.27,8.54,Bolt Depot,https://boltdepot.com/Product-Details?product=6380,"Reputable US fastener retailer, DIN/ISO spec",2026-10-05,"2 bags = 200, covering about 140 rail bolts. Check thread engagement in the T-nut."
Fasteners,"M3x8 SHCS 18-8, 100-bag (MGN9 rail per Hiwin M3x8; carriage screws)",Bolt Depot,#6379,1,4.07,4.07,Bolt Depot,https://boltdepot.com/Product-Details?product=6379,DIN 912,2026-10-05,
Fasteners,"M3x12 SHCS 18-8, 100-bag",Bolt Depot,#6381,1,4.43,4.43,Bolt Depot,https://boltdepot.com/Product-Details?product=6381,DIN 912,2026-10-05,
Fasteners,"M3x16 SHCS 18-8, 100-bag",Bolt Depot,#6382,1,4.5,4.5,Bolt Depot,https://boltdepot.com/Product-Details?product=6382,DIN 912,2026-10-05,
Fasteners,"M3 flat socket head 18-8, x24 (end plates 2 x 8 + carriage 8, all M3x10; lengths per CAD)",Bolt Depot,#7214 (M3x10),24,0.07,1.68,Bolt Depot,https://boltdepot.com/Metric_socket_flat_head_Stainless_steel_18-8_(A-2)_3mm_x_0.5mm,ISO 10642,2026-10-05,
Fasteners,"M5 flat socket head 18-8, x8 (end plate to beam: 4 per end)",Bolt Depot,#6675 (M5x16),8,0.22,1.76,Bolt Depot,https://boltdepot.com/Metric_socket_flat_head_Stainless_steel_18-8_(A-2)_5mm_x_0.8mm,ISO 10642,2026-10-05,M5x16 through 6.35 plate engages about 9.6 mm of the 15 mm tapped depth.
Fasteners,"M5 SHCS 18-8, x40 (assorted 8-16 mm)",Bolt Depot,"#6407 (M5x10, priced as representative)",40,0.12,4.80,Bolt Depot,https://boltdepot.com/Metric_socket_cap_Stainless_steel_18-8_(A-2)_5mm_x_0.8mm,DIN 912,2026-10-05,"Mix of 8-16 mm; priced at 10 mm. 8 mm is $0.11, 16 mm $0.15."
Fasteners,"M4 SHCS 18-8, x10",Bolt Depot,"#6393 (M4x10, length stand-in)",10,0.08,0.80,Bolt Depot,https://boltdepot.com/Metric_socket_cap_Stainless_steel_18-8_(A-2)_4mm_x_0.7mm,DIN 912,2026-10-05,Length not set in the CAD; priced at 10 mm.
Fasteners,"Dowel pins 4 x 12 mm, 6 (2 used in the pen dock, 4 spare)",MISUMI,MSC4-12,6,3.54,21.24,MISUMI USA,https://us.misumi-ec.com/vona2/detail/110300255260/?HissuCode=MSC4-12,Genuine stock,2026-10-05,"CAD has 4 mm dowels only (no 3 mm). 12 mm: 6.35 pressed in the dock, 5.6 into the 8 mm tool hole. Pin tolerance +0.010/+0.005: tight in the tool side H7 slip-fit hole; an h6 pin would slide easier (not priced). McMaster now needs a login to browse."
Bed,3/4 in MDF 4x8 sheet (cut to 980 x 1600),ULTRASTOCK,D11612490970000 (HD SKU 201566),1,49.98,49.98,The Home Depot,https://www.homedepot.com/p/ULTRASTOCK-3-4-in-x-4-ft-x-8-ft-MDF-Panel-D11612490970000/304325742,Retail,2026-10-05,"Hays, KS store (67601) price; Home Depot prices vary by store."
Bed,"24 ga (0.0276 in) galvanized steel sheet, 48 x 48 in",Online Metals stock,pid 13269,2,50.1,100.2,Online Metals,https://www.onlinemetals.com/buy/0-0276-carbon-steel-sheet-a653-galvanized-hot-dip/pid/13269,"ASTM A653 hot-dip, MTR available",2026-10-05,"36x60 is not a stock size. Options: two 48x48 sheets trimmed to about 40.4x63 (the 1026 x 1600 mm bed) with the seam outside the paper area, or ask for a one-piece custom cut (price not checked). One 36x48 ($37.57) covers only the sheet itself, with no margin for magnets."
Bed,Rubber-coated neodymium disc magnet 22 mm x 4 mm N40,SuperMagnetMan,RUB-D1093,30,4.5,135.0,SuperMagnetMan,https://supermagnetman.com/products/rub-d1093,Specialist magnet vendor,2026-10-05,"59 in stock, minimum order 3."
Bed,"Contact cement, quart",DAP Weldwood,00272 Original,1,17.84,17.84,Woodcraft,https://woodcraft.com/products/dap-weldwood-original-contact-cement-qt,Brand-name retail,2026-10-05,The page shows $17.84 for the 'Original' variant and $28.04 for another. Confirm the variant at checkout.
Electronics,"FluidNC 6x CNC Controller (integrated ESP32, 6 ext-driver step/dir/en, 8 inputs, USB-C, Wi-Fi)","Bart Dring design, built by Elecrow",6x CNC Controller for FluidNC,1,49.0,49.0,Elecrow,https://www.elecrow.com/6x-cnc-controller-for-fluidnc.html,Official manufacturing partner of the designer (Tindie store is sold out),2026-10-05,5 V step/dir outputs on the 6x through a 74AHCT595 (not a 74AHCT125) at about 8-10 mA per channel. Power input 12-30 VDC. Wiki: http://wiki.fluidnc.com/en/hardware/official/6x_CNC_Controller
Electronics,24 V 8.8 A (211 W) PSU,Mean Well,LRS-200-24,1,25.1,25.1,Mouser,https://www.mouser.com/en/ProductDetail/MEAN-WELL/LRS-200-24?qs=ah3jBNVE1PQukNhKX3jUsA%3D%3D,Authorized distributor,2026-10-05,Bigger than the LRS-150-24 (6.5 A): 3 x CL42T at 2 A/phase plus the controller and servo regulator. 215x115x30 mm. 416 in stock.
Electronics,5 V 2.5 A buck regulator for servo (24 V in),Pololu,D24V22F5 (#2858),1,18.95,18.95,Pololu,https://www.pololu.com/product/2858,Manufacturer direct,2026-10-05,The 6 V version D24V22F6 (#2859) gives more servo torque; its price was not checked.
Electronics,"IEC C14 inlet, 2-pole switch + 5x20 fuse holder",Schurter,DD11.0114.1110,1,10.3,10.3,Avnet (via Octopart),https://octopart.com/dd11.0114.1110-schurter-7124978,Authorized distributors,2026-10-05,Lowest qty-1 price on Octopart. Digi-Key also stocks it: https://www.digikey.com/en/products/detail/schurter-inc/DD11.0114.1110/486-1279-ND/1646865
Electronics,"E-stop station, 40 mm red mushroom, twist-release, 1NC positive-opening, yellow box",Schneider Electric Harmony,XALK178,1,24.33,24.33,Gabby Electric,https://gabbyelectric.com/en-us/products/xalk178-control-station-harmony-xald-xalk-plastic-yellow-lid-1-red-mushroom-push-button-40mm-turn-to-release-1nc,Distributor (location not confirmed; the page mentions EUR shipping),2026-10-05,Automation Distribution (PA) lists the same part at $108.05. Contact rating is 6 A at 120 VAC.
Electronics,"Limit microswitch, ultra-subminiature, pin plunger, gold contacts",Omron (components now branded Aratas),D2F-01,4,1.82,7.28,Mouser,https://www.mouser.com/ProductDetail/Omron-Electronics/D2F-01?qs=VO24nqdQNUCb4fG09jp7Pw%3D%3D,Authorized distributor,2026-10-05,"3 + 1 spare. Pin plunger gives the best homing repeatability. PCB solder pins. 2,733 in stock."
Electronics,"Drag chain 10.1 x 20 mm inner, R18, 1 m (Y)",igus,E2.10.20.018.0,1,34.92,34.92,TME,https://www.tme.com/us/en-us/details/e2.10.20.018.0/cable-chains/igus/,Authorized igus distributor,2026-10-05,"Outer width 27.4 mm fits the 35 mm channel between the bed and the frame. A 15 mm inner width is too small for the Y cable bundle. 2026-10-05 recheck: TME shows 0 stock and no price; igus configurator USD 39.00, Digi-Key $58.78."
Electronics,"Drag chain 10.1 x 20 mm inner, R18, 1 m (X, cut to 0.8 m)",igus,E2.10.20.018.0,1,34.92,34.92,TME,https://www.tme.com/us/en-us/details/e2.10.20.018.0/cable-chains/igus/,Authorized igus distributor,2026-10-05,Only the servo cable rides in the X chain. A 3D-printed chain is a reasonable saving here.
Electronics,Drag chain mounting brackets E2.10 (2 sets),igus,E2.100.20.34PZ,2,7.70,15.40,Digi-Key,https://www.digikey.com/en/products/result?keywords=E2.100.20.34PZ,igus,2026-10-05,igus lists this bracket set with the E2.10.20.018.0 chain (price on request there). Digi-Key 4903-E2-100-20-34PZ-ND.
Electronics,"High-flex control cable, 4 x 0.5 mm2 (20 AWG), TPE, unshielded, 40 ft",igus chainflex,CF9-05-04,40,2.47,98.8,KB-3D,https://kb-3d.com/store/wiring-connectors/792-igus-chainflex-control-cable-cf9-05-04-per-foot-1674670790036.html,igus genuine,2026-10-05,"Per foot. For the moving runs: X motor, step/dir, servo, X limit through the Y chain. 229 ft in stock."
Electronics,"High-flex SHIELDED motor cable 4 x 0.5 mm2, 4 m (X motor through the Y chain)",igus chainflex,CF10.05.04,4,11.89,47.56,TME,https://www.tme.com/us/en-us/details/cf10.05.04/cables-for-power-chains-shielded/igus/,Authorized igus distributor,2026-10-05,"Per metre, 7 mm OD, 191 m in stock. A full 15 m would cost $178, so shielded cable is used only where it moves. Static Y-motor runs use the motors' own leads or ordinary cable."
Electronics,"Electronics enclosure, ABS, 300 x 240 x 120 mm, NEMA 4X",Hammond,1554YAGY,1,30.5,30.5,Hawk Electronics (via TrustedParts),https://www.trustedparts.com/en/part/hammond/1554YAGY,Authorized distributor (ECIA),2026-10-05,"Picked over 300x200x100 because the PSU (215x115) plus 3 drivers will not fit 300x200. It is still tight, so the PSU can mount outside."
Electronics,"Lever-nut splicing connectors 3-wire, 50 box",WAGO,221-413,1,18.62,18.62,The Home Depot,https://www.homedepot.com/p/WAGO-221-413-3-Wire-Lever-Nut-50-Box-60267606/318072947,Brand retail,2026-10-05,
Electronics,Insulated ferrule assortment (no tool),Weidmuller,9025900000 (H-BOX 0.5-2.5 mm2),1,34.50,34.50,Digi-Key,https://www.digikey.com/en/products/result?keywords=9025900000,,2026-10-05,Phoenix 3202960 (400 pcs) is $87.86. The crimp tool counts as tooling.
Plate stock,"6061-T651 plate 1/4 in, 12 x 24 in",Online Metals,pid 1248,1,88.28,88.28,Online Metals,https://www.onlinemetals.com/en/buy/aluminum/0-25-aluminum-plate-6061-t651/pid/1248,MTR available,2026-10-06,Holds every 1/4 in part (the end plates and the pen carriage moved to 5/16 in plate). 12 x 24 kept because the 11.811 in paper-stop strips need a full 12 in and Online Metals cuts to +/- 1/8 in. Cheaper than 2 x 12x12 ($39.64 each). Speedy Metals: $79.38. Metals Depot: price needs a quote. McMaster: not readable. Note: on 2026-10-06 the Online Metals page showed $88.28 for 12 x 24 and $45.52 for 12 x 12; price not changed here.
Plate stock,"6061-T651 plate 5/16 in, 12 x 24 in (gantry end plates x2 + pen carriage, faced both sides to .2500)",Online Metals,pid 14480,1,143.70,143.70,Online Metals,https://www.onlinemetals.com/en/buy/aluminum/0-3125-aluminum-plate-6061-t651/pid/14480,MTR available,2026-10-06,"Oversize stock for the faces with flatness callouts (MGN15H block seats .0020 and .0010, MGN9 rail seat .0010): faced both sides to .2500 (programs O60011/O60012, O60021/O60022). Two end plates side by side need about 16.2 in, so 12 x 12 ($74.06) is too small and no 12 x 18 is listed; 2 x 12x12 would be $148.12. Custom cut not priced. Speedy Metals 12 x 18: $86.09, 12 x 24: $100.44. Prices read from the vendor pages 2026-10-06 (screenshots in research/stock-2026-10-06)."
Plate stock,"6061-T6 angle 4 x 4 x 1/4 in, 24 in (Y motor/idler brackets: 4 pieces sawn 110 long)",Speedy Metals,p-2204,1,51.30,51.30,Speedy Metals,https://www.speedymetals.com/p-2204-4-x-4-x-14-angle-6061-t6-aluminum-extruded.aspx,,2026-10-05,"Checked 2026-10-05. Online Metals 24 in: $57.89. The CAD brackets need 4 in legs, not 3 in."
Plate stock,"6061-T6511 square bar 1 x 1 in, 3 in (X tension block)",Speedy Metals,p-2498,3,0.93,2.79,Speedy Metals,https://www.speedymetals.com/p-2498-1-sq-6061-t6511-aluminum-extruded.aspx,,2026-10-05,"Sold by the inch ($0.93/in); a cut charge may apply. The paper stops are cut from the 1/4 in plate, so no flat bar is needed."
Pens & paper (outside budget),"Gelly Roll gel pen, white, 08 (medium)",Sakura,Blick 20777-1010,1,2.20,2.20,-,https://www.dickblick.com/items/sakura-gelly-roll-pen-opaque-white-medium-tip/,,2026-10-05,"JetPens (retailer) lists grip 8.6, max 13.4 mm; no manufacturer figure."
Pens & paper (outside budget),"Gelly Roll gel pen, white, 10 (bold)",Sakura,Blick 20713-1060,1,1.36,1.36,-,https://www.dickblick.com/items/sakura-gelly-roll-opaque-white-pen-bold-tip/,,2026-10-05,"JetPens (retailer) lists grip 8.6, max 13.4 mm; no manufacturer figure."
Pens & paper (outside budget),"Posca PC-1MR extra-fine paint marker, white",Uni (Mitsubishi Pencil),PC-1MR (Blick 19994-1023),1,4.12,4.12,-,https://www.dickblick.com/items/uni-posca-paint-marker-white-x-fine-tip-07-mm/,,2026-10-05,"JetPens (retailer) lists grip 10.3, max 13.0 mm; no manufacturer figure."
Pens & paper (outside budget),"Posca PC-3M fine paint marker, white, 3 singles",Uni (Mitsubishi Pencil),PC-3M (Blick 19994-1021),3,4.14,12.42,-,https://www.dickblick.com/items/uni-posca-paint-marker-white-fine-bullet-tip-09-13-mm/,,2026-10-05,Barrel 14.8 mm max (JetPens) or 15.3 mm (MonotaRO): close to the 16 mm V-clamp limit. Measure.
Pens & paper (outside budget),Isograph technical pen 3-pen college set (0.25/0.35/0.5),Rotring,Blick 22274-1002,1,86.30,86.30,-,https://www.dickblick.com/products/rotring-isograph-technical-pen-college-sets/,,2026-10-05,Price did not render. Barrel diameter not checked. Needs ink.
Pens & paper (outside budget),"Blue tinted bond roll 36 in x 150 ft, 20 lb, 2 in core",Plotter Paper Direct,UNVERIFIED,1,UNVERIFIED,,-,https://www.plotterpaperdirect.com/products/1-36-x-150-roll-20-blue-tinted-colored-bond-2-core,,2026-10-05,"NOT FOUND: the linked page is gone and Plotter Paper Direct no longer sells 36 in x 150 ft blue. Smallest 36 in blue: 2 x 36 in x 500 ft on 3 in core, $164.55."
Pens & paper (outside budget),"Heavier blue stock, 36 x 48 sheets",-,UNVERIFIED,1,UNVERIFIED,,-,UNVERIFIED,,2026-10-05,No 36x48 blue cut sheet found. Cut from the roll.
Pens & paper (outside budget),"Drafting film, matte, 40 in x 12 ft roll (no 36 in matte roll found)",Grafix,R05DM4012,1,40.31,40.31,Texas Art Supply,https://www.texasart.com/products/grafix-matte-dura-lar-polyester-film-roll,,2026-10-05,Grafix's price list has no 36 in matte roll; 40 in is the nearest.
Fasteners,"M3x5 SHCS 18-8, 4 (pen dock to MGN9H block; the dock is counterbored)",Bolt Depot,#6377,4,0.05,0.20,Bolt Depot,https://boltdepot.com/Metric_socket_cap_Stainless_steel_18-8_(A-2)_3mm_x_0.5mm,ISO 4762,2026-10-05,The MGN9H has only 3 mm of thread; M3x5 in the 4 mm counterbore engages 2.65 mm.
Fasteners,"M3 brass heat-set inserts, Ruthex RX-M3x5.7, 100 pcs (13 used: 4 per pen tool x 3 + 1 for the weight slugs)",Ruthex,RX-M3x5.7 (Amazon B08BCRZZS3),1,9.99,9.99,Amazon (sold by ruthex),https://www.amazon.com/dp/B08BCRZZS3,Sold by the manufacturer,2026-10-05,"Hole in the printed parts is dia 4.0 x 7.0 deep (Ruthex and CNC Kitchen M3x5.7 both want dia 4.0, at least 6.7 deep blind)."
Fasteners,"1/2 x 1 in 1018 cold-finish steel bar, 12 in (weight slugs: 2 x 12.7 x 25.4 x 10 mm, optional)",-,productid=463,1,5.70,,Speedy Metals,https://www.speedymetals.com/showproduct.aspx?productid=463,,2026-10-05,"OPTIONAL, not in the total. Saw and drill on the drill press (not a Haas program). Add slugs only if the pen skips."
Fasteners,"M2x12 and M2x20 pan head screws + nuts, 2 each (limit switches)",Bolt Depot,"#6816 M2x12, #6819 M2x20, #7362 M2 nut",6,0.05 / 0.09 / 0.07,0.42,Bolt Depot,https://boltdepot.com/BrowseList?Units=Metric&Category=Machine_screws&F_Head_style=Pan&F_Material=Stainless_steel&F_Grade=18--8&F_Diameter=2mm&F_Thread_pitch=0.4mm&ItemsPerPage=50,,2026-10-05,"X switch uses M2x12, Y switches M2x20. 2 nuts priced. D2F-01 holes are dia 2.0-2.2 (Omron datasheet): M2 is a close fit."
Fasteners,"M3x25 SHCS, 2 (the two top X clamp screws, which also hold the X chain bracket)",Bolt Depot,#6384,2,0.08,0.16,Bolt Depot,https://boltdepot.com/Metric_socket_cap_Stainless_steel_18-8_(A-2)_3mm_x_0.5mm,ISO 4762,2026-10-05,Pen-strap screws now come from the M3 stock lengths 8/10/12/16/20 (table: docs/printed-parts.md).
Electronics,"22 mm momentary NO pushbuttons, green RESUME + yellow HOLD (optional)",Schneider XB7 or equal,"XB7NA31 green, XB7NA81 yellow",2,14.15 / 14.49,,Digi-Key,https://www.digikey.com/en/products/result?keywords=XB7NA31,,2026-10-05,"Optional, not in the total ($28.64). Resume and Hold are also on the FluidNC web UI."
Fasteners,"M3x20 SHCS 18-8, 100-bag (2 lower X belt-clamp screws need exactly M3x20: 5.78 mm engaged; pen-strap screws for 13.4-16 mm pens)",Bolt Depot,#6383,1,4.84,4.84,Bolt Depot,https://boltdepot.com/Metric_socket_cap_Stainless_steel_18-8_(A-2)_3mm_x_0.5mm,DIN 912,2026-10-05,Price from the M3 SHCS page already used for the other M3 lengths.
Fasteners,"M5x35 SHCS 18-8, 3 (idler axle bolts: X idler, 2 Y idlers; thread into the carriers' M5 tap)",Bolt Depot,#6413,3,0.29,0.87,Bolt Depot,https://boltdepot.com/Metric_socket_cap_Stainless_steel_18-8_(A-2)_5mm_x_0.8mm,DIN 912,2026-10-05,Under-head length 35 for all three: engages the full 6.35 mm tap in the carrier (X tip 0.3 mm proud; Y tip 2.9 mm below the carrier). Spacers are printed (IDLER_SPACER STLs).
Fasteners,"M5 flat washers 18-8, 10 (2 per idler axle, 6 used)",-,UNVERIFIED,10,UNVERIFIED,,UNVERIFIED,UNVERIFIED,,,Washer each side of the idler bearing inner races. Price not checked.
Fasteners,"6 x 3 mm N52 neodymium disc magnets, 10 (8 used: dock 2 + 3 pen tools x 2)",-,UNVERIFIED,10,UNVERIFIED,,UNVERIFIED,UNVERIFIED,,,"Price and vendor not checked. Pockets are dia 6.2 x 3.2 deep, epoxied; opposite poles facing."
Fasteners,"Rubber strip, 1 mm thick, for the pen straps (12 mm wide piece per strap, 6 straps)",-,UNVERIFIED,1,UNVERIFIED,,UNVERIFIED,UNVERIFIED,,,Price and vendor not checked.
